timestamp,username,mode,user_query,ai_response,feedback_type,feedback_comment
2025-11-22 05:46:00,Zokkomon1987,RAG + LLM,what is a transformer,"A Transformer is a type of neural network architecture introduced by Vaswani et al. in 2017, designed for machine translation tasks. It follows an encoder-decoder architecture and uses self-attention mechanisms instead of the traditional recurrent neural networks (RNNs) or long short-term memory (LSTM) networks. The Transformer architecture is composed of an encoder and a decoder, each with a stack of identical layers. The encoder maps an input sequence of symbol representations to a sequence of",thumbs_up,
2025-11-22 05:46:09,Zokkomon1987,RAG + LLM,what is a transformer,"A Transformer is a type of neural network architecture introduced by Vaswani et al. in 2017, designed for machine translation tasks. It follows an encoder-decoder architecture and uses self-attention mechanisms instead of the traditional recurrent neural networks (RNNs) or long short-term memory (LSTM) networks. The Transformer architecture is composed of an encoder and a decoder, each with a stack of identical layers. The encoder maps an input sequence of symbol representations to a sequence of",thumbs_up,great response
2025-11-22 07:27:48,Zokkomon1987,LLM,What is dfs?,"DFS, or Depth-First Search, is a popular algorithm used for traversing or searching tree or graph data structures. The algorithm starts at the root (or some arbitrary node) and explores as far as possible along each branch before backtracking.

The key idea behind DFS is to explore each node in depth before moving on to the next node. It uses a stack data structure to keep track of the nodes to be visited next. This makes DFS particularly useful for exploring connected components in graphs, or f",thumbs_up,
2025-11-22 07:28:02,Zokkomon1987,LLM,What is dfs?,"DFS, or Depth-First Search, is a popular algorithm used for traversing or searching tree or graph data structures. The algorithm starts at the root (or some arbitrary node) and explores as far as possible along each branch before backtracking.

The key idea behind DFS is to explore each node in depth before moving on to the next node. It uses a stack data structure to keep track of the nodes to be visited next. This makes DFS particularly useful for exploring connected components in graphs, or f",thumbs_up,Good
2025-11-22 18:24:00,Aashrith,LLM,who is the president of india,"As of my current knowledge up to 2021, the President of India is Ram Nath Kovind. He has been in office since July 25, 2017. However, please check the most recent and reliable sources for the latest information as political offices can change.",thumbs_up,
2025-11-22 18:24:07,Aashrith,LLM,who is the president of india,"As of my current knowledge up to 2021, the President of India is Ram Nath Kovind. He has been in office since July 25, 2017. However, please check the most recent and reliable sources for the latest information as political offices can change.",thumbs_up,good
2025-11-22 18:39:21,Aashrith,LLM,when is india independence,"India gained its independence from British rule on August 15, 1947. This day is celebrated as India's Independence Day. India was under British rule for about 200 years, from the early 18th century until the mid-20th century. The Indian independence movement, which sought to end British rule and establish an independent Indian state, gained momentum during the late 19th and early 20th centuries, and eventually led to India's independence in 1947.",thumbs_down,
2025-11-22 18:39:28,Aashrith,LLM,when is india independence,"India gained its independence from British rule on August 15, 1947. This day is celebrated as India's Independence Day. India was under British rule for about 200 years, from the early 18th century until the mid-20th century. The Indian independence movement, which sought to end British rule and establish an independent Indian state, gained momentum during the late 19th and early 20th centuries, and eventually led to India's independence in 1947.",thumbs_down,bad response
2025-11-22 18:43:12,Aashrith,LLM,what is the population or india,"According to the United Nations, the estimated population of India in 2021 is about 1.39 billion people. India is the second-most populous country in the world, after China. The population of India has been growing rapidly due to high birth rates and a large youth population. However, the population growth rate has been declining in recent years due to various factors including improved access to family planning services and increasing urbanization. 

It's important to note that population estim",thumbs_up,
2025-11-22 18:43:19,Aashrith,LLM,what is the population or india,"According to the United Nations, the estimated population of India in 2021 is about 1.39 billion people. India is the second-most populous country in the world, after China. The population of India has been growing rapidly due to high birth rates and a large youth population. However, the population growth rate has been declining in recent years due to various factors including improved access to family planning services and increasing urbanization. 

It's important to note that population estim",thumbs_up,good
2025-11-23 16:46:11,Aashrith,RAG + LLM,what is a transformer,"A Transformer is a type of neural network architecture introduced by Vaswani et al. in 2017 for machine translation tasks. It's called ""Transformer"" because it focuses on using self-attention mechanisms to understand the relationships between different parts of an input sequence, rather than relying on recurrent or convolutional neural networks with their inherent sequential processing.

The Transformer architecture consists of an encoder and a decoder, each composed of multiple identical layers",thumbs_up,
2025-11-23 16:46:20,Aashrith,RAG + LLM,what is a transformer,"A Transformer is a type of neural network architecture introduced by Vaswani et al. in 2017 for machine translation tasks. It's called ""Transformer"" because it focuses on using self-attention mechanisms to understand the relationships between different parts of an input sequence, rather than relying on recurrent or convolutional neural networks with their inherent sequential processing.

The Transformer architecture consists of an encoder and a decoder, each composed of multiple identical layers",thumbs_up,good
2025-11-23 16:57:59,Ajit,LLM,hi,"Hello! How can I help you today? If you have any questions or need assistance with something, feel free to ask. I'm here to help. If you just want to chat or share some thoughts, that's fine too. Let me know what's on your mind. :)",thumbs_up,
2025-11-23 16:58:06,Ajit,LLM,hi,"Hello! How can I help you today? If you have any questions or need assistance with something, feel free to ask. I'm here to help. If you just want to chat or share some thoughts, that's fine too. Let me know what's on your mind. :)",thumbs_up,good response
2025-11-23 17:16:55,Ajit,RAG + LLM,hi,"Hello! How can I help you today? If you have any questions or need assistance with something, feel free to ask. I'm here to help. If you just want to chat or say hello, that's fine too! Let me know if you have any specific topic in mind or if you'd like me to suggest some conversation starters. Have a great day! ðŸ˜Š",thumbs_up,
2025-11-23 17:17:00,Ajit,RAG + LLM,hi,"Hello! How can I help you today? If you have any questions or need assistance with something, feel free to ask. I'm here to help. If you just want to chat or say hello, that's fine too! Let me know if you have any specific topic in mind or if you'd like me to suggest some conversation starters. Have a great day! ðŸ˜Š",thumbs_up,good
2025-11-23 17:20:03,Ajit,LLM,what is dfs,"DFS stands for Depth-First Search. It is a popular algorithm used for traversing or exploring graphs and trees. The goal of DFS is to visit all the vertices or nodes in a graph or tree, starting from a given vertex or node, and exploring as far as possible along each branch before backtracking.

In DFS, the algorithm explores as far as possible along each branch before backtracking. It does this by maintaining a list or stack of vertices or nodes to visit, and marking each visited vertex or node",thumbs_down,
2025-11-23 17:20:09,Ajit,LLM,what is dfs,"DFS stands for Depth-First Search. It is a popular algorithm used for traversing or exploring graphs and trees. The goal of DFS is to visit all the vertices or nodes in a graph or tree, starting from a given vertex or node, and exploring as far as possible along each branch before backtracking.

In DFS, the algorithm explores as far as possible along each branch before backtracking. It does this by maintaining a list or stack of vertices or nodes to visit, and marking each visited vertex or node",thumbs_down,bad
2025-11-23 17:28:29,Ajit03,LLM,hi,"Hello! How can I help you today? If you have any questions or need assistance with something, feel free to ask. I'm here to help. If you just want to chat or share some thoughts, that's fine too. Let me know what's on your mind. :)",thumbs_up,
2025-11-23 17:28:36,Ajit03,LLM,hi,"Hello! How can I help you today? If you have any questions or need assistance with something, feel free to ask. I'm here to help. If you just want to chat or share some thoughts, that's fine too. Let me know what's on your mind. :)",thumbs_up,good response
2025-11-23 17:29:10,Ajit03,LLM,who is the president of usa,"As of my knowledge up to 2021, the President of the United States is Joe Biden. He assumed office on January 20, 2021. Prior to him was Donald J. Trump who served as President from January 20, 2017 to January 20, 2021. I hope this information is helpful! Let me know if you have any other questions. :)",thumbs_down,
2025-11-23 17:29:25,Ajit03,LLM,who is the president of usa,"As of my knowledge up to 2021, the President of the United States is Joe Biden. He assumed office on January 20, 2021. Prior to him was Donald J. Trump who served as President from January 20, 2017 to January 20, 2021. I hope this information is helpful! Let me know if you have any other questions. :)",thumbs_down,bad response just for testing
2025-11-23 17:31:55,Ajit03,RAG + LLM,what is a transformer explain,"A Transformer is a type of neural network architecture designed for sequence-to-sequence modeling tasks, such as machine translation, summarization, and text generation. The Transformer model was introduced in a 2017 paper by Vaswani et al. and gained popularity due to its superior performance over existing models like Recurrent Neural Networks (RNNs) and Long Short-Term Memory (LSTM) networks.

The Transformer architecture consists of an encoder and a decoder, each composed of multiple identica",thumbs_up,
2025-11-23 17:31:58,Ajit03,RAG + LLM,what is a transformer explain,"A Transformer is a type of neural network architecture designed for sequence-to-sequence modeling tasks, such as machine translation, summarization, and text generation. The Transformer model was introduced in a 2017 paper by Vaswani et al. and gained popularity due to its superior performance over existing models like Recurrent Neural Networks (RNNs) and Long Short-Term Memory (LSTM) networks.

The Transformer architecture consists of an encoder and a decoder, each composed of multiple identica",thumbs_up,good
2025-11-23 17:32:30,Ajit03,RAG + LLM,who is the president of usa,"I'm sorry, the text provided does not mention anything about the president of the USA. The text is about a new model architecture for machine translation called the Transformer, which relies on attention mechanisms instead of recurrence.",thumbs_up,
2025-11-23 17:32:40,Ajit03,RAG + LLM,who is the president of usa,"I'm sorry, the text provided does not mention anything about the president of the USA. The text is about a new model architecture for machine translation called the Transformer, which relies on attention mechanisms instead of recurrence.",thumbs_up,perfect response
